"player","eventType","outcome","x","y","endX","endY","isTouch","isProgPass"
"Willian Arão","BallTouch","Successful",83,10.3,NA,NA,TRUE,NA
"Willian Arão","Interception","Successful",57,89.3,NA,NA,TRUE,NA
"Willian Arão","Save","Successful",27.6,47.3,NA,NA,TRUE,NA
"Willian Arão","Clearance","Successful",46.2,50.3,44.9,48.4,TRUE,NA
"Willian Arão","Interception","Successful",57.8,65.7,NA,NA,TRUE,NA
"Willian Arão","Interception","Successful",32,14.7,NA,NA,TRUE,NA
"Willian Arão","BallTouch","Successful",44.4,75.6,NA,NA,TRUE,NA
"Willian Arão","BallTouch","Successful",36.8,81.1,NA,NA,TRUE,NA
"Willian Arão","Interception","Successful",36.9,43.3,NA,NA,TRUE,NA
"Willian Arão","SavedShot","Successful",89.4,56.3,NA,NA,TRUE,NA
"Willian Arão","Tackle","Successful",54,64.8,NA,NA,TRUE,NA
"Willian Arão","Clearance","Successful",4.5,32.4,0,25,TRUE,NA
"Willian Arão","Interception","Successful",54,12.6,NA,NA,TRUE,NA
"Willian Arão","Dispossessed","Successful",18.7,6,NA,NA,TRUE,NA
"Willian Arão","MissedShots","Successful",74.9,43.3,NA,NA,TRUE,NA
"Willian Arão","BallTouch","Unsuccessful",65.6,12.8,NA,NA,TRUE,NA
"Willian Arão","Tackle","Successful",5.1,90.8,NA,NA,TRUE,NA
"Willian Arão","Tackle","Unsuccessful",22.6,26.6,NA,NA,TRUE,NA
"Willian Arão","SavedShot","Successful",89.3,60.6,NA,NA,TRUE,NA
"Willian Arão","Interception","Successful",67.6,3.2,NA,NA,TRUE,NA
"Willian Arão","Dispossessed","Successful",61.9,90.6,NA,NA,TRUE,NA
"Willian Arão","BallTouch","Successful",26.2,69.6,NA,NA,TRUE,NA
"Willian Arão","Interception","Successful",66.8,12.3,NA,NA,TRUE,NA
"Willian Arão","Tackle","Successful",59.6,63.2,NA,NA,TRUE,NA
"Willian Arão","MissedShots","Successful",71.9,49.9,NA,NA,TRUE,NA
"Willian Arão","BallTouch","Successful",46.5,65.4,NA,NA,TRUE,NA
"Willian Arão","Interception","Successful",47,78.7,NA,NA,TRUE,NA
"Willian Arão","BlockedPass","Successful",71.5,12.3,NA,NA,TRUE,NA
"Willian Arão","BallTouch","Unsuccessful",62.4,64,NA,NA,TRUE,NA
"Willian Arão","TakeOn","Unsuccessful",87.6,24.2,NA,NA,TRUE,NA
"Willian Arão","Interception","Successful",27.6,74.2,NA,NA,TRUE,NA
"Willian Arão","BallTouch","Successful",47,49.6,NA,NA,TRUE,NA
"Willian Arão","SavedShot","Successful",92,43.9,NA,NA,TRUE,NA
"Willian Arão","Interception","Successful",69.4,32.5,NA,NA,TRUE,NA
"Willian Arão","Save","Successful",11.9,57.6,NA,NA,TRUE,NA
"Willian Arão","BallTouch","Successful",74.3,13.7,NA,NA,TRUE,NA
"Willian Arão","SavedShot","Successful",86,40.8,NA,NA,TRUE,NA
"Willian Arão","SavedShot","Successful",92.6,51,NA,NA,TRUE,NA
"Willian Arão","Clearance","Successful",10.1,55.3,19.2,100,TRUE,NA
"Willian Arão","Tackle","Successful",60.5,7.4,NA,NA,TRUE,NA
"Willian Arão","Interception","Successful",9.4,44.5,NA,NA,TRUE,NA
"Willian Arão","Interception","Successful",28.5,40.4,NA,NA,TRUE,NA
"Willian Arão","Clearance","Successful",15.5,72,0,69.3,TRUE,NA
"Willian Arão","Tackle","Unsuccessful",71.2,22.9,NA,NA,TRUE,NA
"Willian Arão","Clearance","Successful",9,35.1,4.5,0,TRUE,NA
"Willian Arão","Tackle","Successful",75.5,6,NA,NA,TRUE,NA
"Willian Arão","Dispossessed","Successful",48,70.3,NA,NA,TRUE,NA
"Willian Arão","Foul","Successful",57.5,30.8,NA,NA,TRUE,NA
"Willian Arão","MissedShots","Successful",90.9,47.4,NA,NA,TRUE,NA
"Willian Arão","BallTouch","Successful",42.7,75.2,NA,NA,TRUE,NA
"Willian Arão","MissedShots","Successful",79.3,31.8,NA,NA,TRUE,NA
"Willian Arão","Tackle","Unsuccessful",49,56.5,NA,NA,TRUE,NA
"Willian Arão","Tackle","Successful",30.9,61.2,NA,NA,TRUE,NA
"Willian Arão","Foul","Successful",28.6,41.5,NA,NA,TRUE,NA
"Willian Arão","Clearance","Successful",3.9,57.9,0,69.3,TRUE,NA
"Willian Arão","Interception","Successful",15,70.6,NA,NA,TRUE,NA
"Willian Arão","Clearance","Successful",12,40.3,24.7,42.9,TRUE,NA
"Willian Arão","BallTouch","Successful",59.1,30,NA,NA,TRUE,NA
"Willian Arão","BallTouch","Successful",58.1,76.7,NA,NA,TRUE,NA
"Willian Arão","TakeOn","Successful",36.8,13.9,NA,NA,TRUE,NA
"Willian Arão","Interception","Successful",65.9,87.2,NA,NA,TRUE,NA
"Willian Arão","Interception","Successful",29.2,53.2,NA,NA,TRUE,NA
"Willian Arão","Clearance","Successful",10.1,51.2,10.1,23.9,TRUE,NA
"Willian Arão","BlockedPass","Successful",64.2,5.4,NA,NA,TRUE,NA
"Willian Arão","BallTouch","Successful",54.4,71,NA,NA,TRUE,NA
"Willian Arão","Clearance","Successful",20,25.3,11.8,0,TRUE,NA
"Willian Arão","Tackle","Successful",24.7,95.1,NA,NA,TRUE,NA
"Willian Arão","BallTouch","Unsuccessful",54,12.4,NA,NA,TRUE,NA
"Willian Arão","Clearance","Successful",6.6,43.9,27.1,31.1,TRUE,NA
"Willian Arão","Interception","Successful",15.2,69.8,NA,NA,TRUE,NA
"Willian Arão","Clearance","Successful",10.8,64.8,24.8,60.3,TRUE,NA
"Willian Arão","Interception","Successful",22.7,63.7,NA,NA,TRUE,NA
"Willian Arão","BallTouch","Successful",21.8,52.2,NA,NA,TRUE,NA
"Willian Arão","Interception","Successful",43.7,9.5,NA,NA,TRUE,NA
"Willian Arão","BallTouch","Unsuccessful",60,14.9,NA,NA,TRUE,NA
"Willian Arão","Interception","Successful",39.2,68.8,NA,NA,TRUE,NA
"Willian Arão","Tackle","Successful",1.9,25,NA,NA,TRUE,NA
"Willian Arão","Tackle","Successful",45.9,1.2,NA,NA,TRUE,NA
"Willian Arão","Tackle","Successful",54.5,54.8,NA,NA,TRUE,NA
"Willian Arão","Dispossessed","Successful",33.8,71.4,NA,NA,TRUE,NA
"Willian Arão","BallTouch","Successful",43.8,34.2,NA,NA,TRUE,NA
"Willian Arão","Dispossessed","Successful",41.3,37.4,NA,NA,TRUE,NA
"Willian Arão","Tackle","Successful",71.9,22.6,NA,NA,TRUE,NA
"Willian Arão","Tackle","Successful",64.9,67,NA,NA,TRUE,NA
"Willian Arão","Pass","Successful",38.2,40.3,53.1,25.8,TRUE,0
"Willian Arão","Pass","Unsuccessful",36.2,15.6,46.6,32.4,TRUE,0
"Willian Arão","Pass","Successful",32.3,43.9,43.8,30,TRUE,0
"Willian Arão","Pass","Successful",36.4,29.2,57.4,21.5,TRUE,1
"Willian Arão","Pass","Unsuccessful",64.9,59,90.1,23.7,TRUE,1
"Willian Arão","Pass","Successful",73.7,52.5,84.5,82.1,TRUE,0
"Willian Arão","Pass","Unsuccessful",31.9,56,39.4,100,TRUE,0
"Willian Arão","Pass","Successful",34.5,77.3,30.5,85.4,TRUE,0
"Willian Arão","Pass","Successful",30.3,66.7,23.6,52.4,TRUE,0
"Willian Arão","Pass","Successful",32.9,53.6,53.8,72.6,TRUE,1
"Willian Arão","Pass","Successful",46.9,49.4,55.7,66.3,TRUE,0
"Willian Arão","Pass","Unsuccessful",62.8,62,76.7,59.9,TRUE,1
"Willian Arão","Pass","Successful",38.8,45.2,60.9,16.2,TRUE,1
"Willian Arão","Pass","Successful",39.7,56.6,26.7,41.5,TRUE,0
"Willian Arão","Pass","Unsuccessful",37.7,78.5,39.7,71.2,TRUE,0
"Willian Arão","Pass","Successful",35,20.6,36,12.3,TRUE,0
"Willian Arão","Pass","Successful",30.5,57.2,39.5,74.4,TRUE,0
"Willian Arão","Pass","Successful",31.6,55.1,70.6,11.7,TRUE,1
"Willian Arão","Pass","Successful",27.7,51.5,27.4,28.6,TRUE,0
"Willian Arão","Pass","Successful",40.1,64.3,18.4,55.2,TRUE,0
"Willian Arão","Pass","Successful",27.6,57.9,33.3,82.7,TRUE,0
"Willian Arão","Pass","Successful",41.6,75,69.8,91.8,TRUE,1
"Willian Arão","Pass","Successful",36.3,68,66.7,75.2,TRUE,1
"Willian Arão","Pass","Successful",32.3,65.1,42.4,72.4,TRUE,0
"Willian Arão","Pass","Unsuccessful",32.7,60.6,85.6,0,TRUE,1
"Willian Arão","Pass","Successful",27.3,62,33.9,80.3,TRUE,0
"Willian Arão","Pass","Successful",27.8,58.1,31.7,27.4,TRUE,0
"Willian Arão","Pass","Successful",30.6,45.7,37.2,83,TRUE,0
"Willian Arão","Pass","Successful",54.6,81.7,37.7,94.8,TRUE,0
"Willian Arão","Pass","Successful",36.8,62.1,45.4,58.8,TRUE,0
"Willian Arão","Pass","Successful",54.6,55.4,63.2,69.6,TRUE,0
"Willian Arão","Pass","Successful",57.5,70.6,64.4,45.1,TRUE,0
"Willian Arão","Pass","Successful",70.2,72,91.5,89.6,TRUE,0
"Willian Arão","Pass","Successful",27.8,50.7,31.4,29.1,TRUE,0
"Willian Arão","Pass","Successful",65.4,72.9,69.4,25,TRUE,0
"Willian Arão","Pass","Successful",29.8,51.2,31.4,80.3,TRUE,0
"Willian Arão","Pass","Unsuccessful",34.4,87.8,42.9,72.7,TRUE,0
"Willian Arão","Pass","Successful",32.1,49.1,35,73.9,TRUE,0
"Willian Arão","Pass","Successful",46,50.7,54.9,46.4,TRUE,0
"Willian Arão","Pass","Successful",54.2,17.7,62.9,4.6,TRUE,0
"Willian Arão","Pass","Successful",61,65.2,48.3,83.3,TRUE,0
"Willian Arão","Pass","Successful",29.2,27.7,7.9,49.3,TRUE,0
"Willian Arão","Pass","Successful",30.1,73.8,29.6,87.8,TRUE,0
"Willian Arão","Pass","Successful",28,36,24.1,63.7,TRUE,0
"Willian Arão","Pass","Successful",41,17.3,48.7,23.1,TRUE,0
"Willian Arão","Pass","Successful",40,10,24.3,25.2,TRUE,0
"Willian Arão","Pass","Successful",39.3,56,44.4,18.2,TRUE,0
"Willian Arão","Pass","Successful",69.6,75.9,75,89.7,TRUE,0
"Willian Arão","Pass","Successful",62.2,35.2,53.5,68.1,TRUE,0
"Willian Arão","Pass","Successful",66.1,63.9,44.1,70.6,TRUE,0
"Willian Arão","Pass","Successful",45.7,20.9,65.2,18.9,TRUE,1
"Willian Arão","Pass","Successful",19.5,34.3,9.5,26.8,TRUE,0
"Willian Arão","Pass","Successful",12.4,35.1,25.3,54.8,TRUE,0
"Willian Arão","Pass","Successful",65.4,36.7,75.6,38.9,TRUE,1
"Willian Arão","Pass","Successful",54.2,54.2,47.5,30.4,TRUE,0
"Willian Arão","Pass","Unsuccessful",42,71.5,66.8,65.8,TRUE,1
"Willian Arão","Pass","Unsuccessful",44.5,77.2,69.8,88.3,TRUE,1
"Willian Arão","Pass","Successful",41.1,44.9,47.1,49,TRUE,0
"Willian Arão","Pass","Successful",39.8,44.9,46,39.1,TRUE,0
"Willian Arão","Pass","Successful",41.3,73.5,54.2,76.9,TRUE,0
"Willian Arão","Pass","Successful",35.7,78.1,31.4,88.9,TRUE,0
"Willian Arão","Pass","Successful",39.8,63,41.9,69.9,TRUE,0
"Willian Arão","Pass","Successful",34,64.5,53.9,65.5,TRUE,1
"Willian Arão","Pass","Successful",38,28.7,32.3,17.2,TRUE,0
"Willian Arão","Pass","Unsuccessful",29.2,16.5,43.7,18.8,TRUE,0
"Willian Arão","Pass","Successful",21.3,19.4,20,6.5,TRUE,0
"Willian Arão","Pass","Successful",36.5,27.6,37.5,4.4,TRUE,0
"Willian Arão","Pass","Successful",52.9,32.5,55.8,52.4,TRUE,0
"Willian Arão","Pass","Successful",28.4,60.8,33.8,64.5,TRUE,0
"Willian Arão","Pass","Successful",39.3,20.6,54.9,30,TRUE,1
"Willian Arão","Pass","Successful",52.6,43.7,44.9,30.1,TRUE,0
"Willian Arão","Pass","Successful",52,56.1,61.8,61.1,TRUE,0
"Willian Arão","Pass","Unsuccessful",67.5,38.8,70.2,41.2,TRUE,0
"Willian Arão","Pass","Successful",34.9,25.6,26.1,75.7,TRUE,0
"Willian Arão","Pass","Successful",39.8,71.2,35.8,79.4,TRUE,0
"Willian Arão","Pass","Successful",36.7,71.4,10.5,55.7,TRUE,0
"Willian Arão","Pass","Successful",64.2,67.5,75.3,96.9,TRUE,0
"Willian Arão","Pass","Successful",36.2,36.1,44.3,14.3,TRUE,0
"Willian Arão","Pass","Successful",52.3,29.5,53.4,44.6,TRUE,0
"Willian Arão","Pass","Successful",27.3,89.9,28.3,94.2,TRUE,0
"Willian Arão","Pass","Successful",55.9,59.4,74.8,81.7,TRUE,1
"Willian Arão","Pass","Successful",36.1,41.9,24.3,60.8,TRUE,0
"Willian Arão","Pass","Successful",38.9,49.3,47,51.1,TRUE,0
"Willian Arão","Pass","Successful",44.7,27.6,56.5,23.4,TRUE,0
"Willian Arão","Pass","Successful",57,65.1,59.5,77.5,TRUE,0
"Willian Arão","Pass","Successful",38.2,28.5,54,24.9,TRUE,0
"Willian Arão","Pass","Successful",30,24.9,55.4,6.7,TRUE,1
"Willian Arão","Pass","Successful",44.3,29.1,41.5,72.7,TRUE,0
"Willian Arão","Pass","Successful",60.7,24,57.8,70,TRUE,0
"Willian Arão","Pass","Successful",54,70.2,65.7,58.5,TRUE,1
"Willian Arão","Pass","Successful",41,31.5,93.1,4.1,TRUE,1
"Willian Arão","Pass","Unsuccessful",74.9,24.6,100,30.7,TRUE,1
"Willian Arão","Pass","Successful",56.6,25.3,42.8,17.7,TRUE,0
"Willian Arão","Pass","Successful",51.9,28.1,52.8,9.7,TRUE,0
"Willian Arão","Pass","Unsuccessful",32.3,33.3,33.6,30.1,TRUE,0
"Willian Arão","Pass","Unsuccessful",57,9.5,62.6,9.8,TRUE,0
"Willian Arão","Pass","Successful",28.1,55.8,25.9,70.9,TRUE,0
"Willian Arão","Pass","Successful",32.5,49.4,32.6,29.8,TRUE,0
"Willian Arão","Pass","Successful",22.6,43.4,18.2,68.7,TRUE,0
"Willian Arão","Pass","Successful",37.4,49.3,38.4,19.7,TRUE,0
"Willian Arão","Pass","Successful",28,48.4,29.7,75.3,TRUE,0
"Willian Arão","Pass","Successful",30.4,49.7,31,22.2,TRUE,0
"Willian Arão","Pass","Successful",31.7,39.8,36.7,16.7,TRUE,0
"Willian Arão","Pass","Successful",47.3,46.2,56.7,52.8,TRUE,0
"Willian Arão","Pass","Successful",30.6,48.8,34.1,92,TRUE,0
"Willian Arão","Pass","Successful",46.7,50.6,51.2,73.3,TRUE,0
"Willian Arão","Pass","Successful",22,55.4,27.6,72,TRUE,0
"Willian Arão","Pass","Successful",53.8,52.2,61.8,85.3,TRUE,0
"Willian Arão","Pass","Successful",65.8,68.1,68.5,33.9,TRUE,0
"Willian Arão","Pass","Successful",45.9,57.5,45.7,95.7,TRUE,0
"Willian Arão","Pass","Unsuccessful",54.3,14,63.4,22.1,TRUE,0
"Willian Arão","Pass","Successful",67.1,44.2,59.8,21.3,TRUE,0
"Willian Arão","Pass","Successful",68.8,6.4,65,15.5,TRUE,0
"Willian Arão","Pass","Successful",28.3,51.8,44.6,73,TRUE,0
"Willian Arão","Pass","Successful",52.8,13.8,36.1,34,TRUE,0
"Willian Arão","Pass","Successful",65.7,58.8,72.5,61.8,TRUE,0
"Willian Arão","Pass","Successful",66.1,61.4,70.3,86,TRUE,0
"Willian Arão","Pass","Successful",32.3,60.2,42,74.8,TRUE,0
"Willian Arão","Pass","Successful",41.8,61.4,42.4,28.5,TRUE,0
"Willian Arão","Pass","Successful",48.5,44.6,54.4,28.6,TRUE,0
"Willian Arão","Pass","Successful",61.9,68.2,70.8,72.3,TRUE,0
"Willian Arão","Pass","Successful",63.4,70,68.1,75.7,TRUE,0
"Willian Arão","Pass","Successful",55.2,20.3,89.4,16.2,TRUE,1
"Willian Arão","Pass","Successful",68.1,65.1,77.2,95.1,TRUE,0
"Willian Arão","Pass","Successful",65.7,81.4,62.2,42.1,TRUE,0
"Willian Arão","Pass","Successful",66.8,47.6,67.6,60.6,TRUE,0
"Willian Arão","Pass","Successful",64.2,47.2,68.7,51.6,TRUE,0
"Willian Arão","Pass","Unsuccessful",31.6,53.3,36.9,65.1,TRUE,0
"Willian Arão","Pass","Successful",62.7,49.9,68.7,17.3,TRUE,0
"Willian Arão","Pass","Successful",88.8,7.9,85.2,3.7,TRUE,0
"Willian Arão","Pass","Successful",65.4,12.3,54.7,33.1,TRUE,0
"Willian Arão","Pass","Successful",66.2,33.2,73.6,21.1,TRUE,0
"Willian Arão","Pass","Successful",63.7,18.5,73.6,32.7,TRUE,1
"Willian Arão","Pass","Successful",72.9,62.6,83.5,99,TRUE,0
"Willian Arão","Pass","Successful",36.7,38.9,51.3,70.5,TRUE,0
"Willian Arão","Pass","Successful",65.9,16.4,59.5,25.6,TRUE,0
"Willian Arão","Pass","Successful",50.2,70.2,56.5,58.8,TRUE,0
"Willian Arão","Pass","Successful",58.6,30.1,39.2,21.5,TRUE,0
"Willian Arão","Pass","Successful",48.6,66.9,45.8,25.2,TRUE,0
"Willian Arão","Pass","Successful",58.4,21.3,61.7,3.2,TRUE,0
"Willian Arão","Pass","Successful",79.1,16.8,89.8,35.8,TRUE,1
"Willian Arão","Pass","Successful",61.1,85.6,67.9,93.9,TRUE,0
"Willian Arão","Pass","Successful",62.4,92.4,38.2,92,TRUE,0
"Willian Arão","Pass","Successful",38.1,67.3,36.7,25,TRUE,0
"Willian Arão","Pass","Unsuccessful",37.5,69.1,65.5,27.7,TRUE,1
"Willian Arão","Pass","Successful",39.8,50.3,55.2,78.5,TRUE,0
"Willian Arão","Pass","Successful",48.7,57.2,41.6,78.8,TRUE,0
"Willian Arão","Pass","Successful",69.2,37.1,72.9,21,TRUE,0
"Willian Arão","Pass","Successful",70,42.4,71.7,65.5,TRUE,0
"Willian Arão","Pass","Successful",48.3,40.7,49.9,20.4,TRUE,0
"Willian Arão","Pass","Successful",52.2,45.2,63,69,TRUE,0
"Willian Arão","Pass","Successful",60.3,59.3,72.2,62.6,TRUE,1
"Willian Arão","Pass","Unsuccessful",24.1,28.3,39.7,21.3,TRUE,0
"Willian Arão","Pass","Successful",72.8,47,75.5,77.8,TRUE,0
"Willian Arão","Pass","Successful",62.3,70.8,70.8,71.2,TRUE,0
"Willian Arão","Pass","Successful",56.7,20.9,44,46.4,TRUE,0
"Willian Arão","Pass","Successful",45,25.5,44.7,33.7,TRUE,0
"Willian Arão","Pass","Successful",76.9,36.7,88.3,39.7,TRUE,1
"Willian Arão","Pass","Unsuccessful",71.2,9.7,92,0,TRUE,0
"Willian Arão","Pass","Successful",46.6,50,32.6,39.8,TRUE,0
"Willian Arão","Pass","Successful",63.2,29.4,70.8,42.1,TRUE,1
"Willian Arão","Pass","Unsuccessful",64.2,32.5,76.4,38.6,TRUE,1
"Willian Arão","Pass","Successful",49.4,28.2,56,37.6,TRUE,0
"Willian Arão","Pass","Successful",51.6,49.6,63.1,62,TRUE,0
"Willian Arão","Pass","Successful",63.4,49.9,67.7,64.9,TRUE,0
"Willian Arão","Pass","Successful",59.9,49.9,69,20.6,TRUE,0
"Willian Arão","Pass","Successful",65.7,9.1,55.3,21.5,TRUE,0
"Willian Arão","Pass","Successful",48.6,27.6,37.4,17,TRUE,0
"Willian Arão","Pass","Successful",36,63.1,50.5,41.9,TRUE,0
"Willian Arão","Pass","Successful",66.2,35.5,72.1,5.3,TRUE,0
"Willian Arão","Pass","Successful",26.4,73.9,37.2,89.4,TRUE,0
"Willian Arão","Pass","Successful",35.7,87.7,34.9,97.1,TRUE,0
"Willian Arão","Pass","Successful",55,31.8,50.7,26.2,TRUE,0
"Willian Arão","Pass","Successful",56.4,64.9,64.7,57.5,TRUE,0
"Willian Arão","Pass","Successful",66.7,14,72.4,8.5,TRUE,0
"Willian Arão","Pass","Successful",63.3,21.3,59,9.7,TRUE,0
"Willian Arão","Pass","Successful",30.6,78.4,35.8,9.5,TRUE,0
"Willian Arão","Pass","Successful",63.2,40,43.3,46.6,TRUE,0
"Willian Arão","Pass","Successful",59.9,70.9,65.7,5.5,TRUE,0
"Willian Arão","Pass","Successful",37.4,67.2,43.7,78.8,TRUE,0
"Willian Arão","Pass","Successful",57,20.1,65.6,5.3,TRUE,0
"Willian Arão","Pass","Successful",10.5,74.2,28.6,74.5,TRUE,0
"Willian Arão","Pass","Successful",61.1,68.2,70,71.5,TRUE,0
"Willian Arão","Pass","Successful",69.4,50.4,72.1,16.5,TRUE,0
"Willian Arão","Pass","Successful",34.7,31.8,48.9,46.3,TRUE,0
"Willian Arão","Pass","Successful",59.8,14.7,62.9,5.5,TRUE,0
"Willian Arão","Pass","Successful",54.7,35.4,39.4,21,TRUE,0
"Willian Arão","Pass","Successful",62.4,21.2,69.9,3.5,TRUE,0
"Willian Arão","Pass","Successful",45,20.4,46.4,3.7,TRUE,0
"Willian Arão","Pass","Successful",43.3,54,51.9,50.9,TRUE,0
"Willian Arão","Pass","Successful",34.5,51.4,46.5,78.7,TRUE,0
"Willian Arão","Pass","Successful",97,59.6,98,48.5,TRUE,1
"Willian Arão","Pass","Successful",28.7,65.1,34.4,81.4,TRUE,0
"Willian Arão","Pass","Successful",63.8,65.1,68.8,74.2,TRUE,0
"Willian Arão","Pass","Successful",28.5,40.6,33.5,82,TRUE,0
"Willian Arão","Pass","Successful",32.6,61.7,40.2,44.8,TRUE,0
"Willian Arão","Pass","Unsuccessful",66.4,23.9,63.5,22.7,TRUE,0
"Willian Arão","Pass","Successful",20.4,50.9,27.7,88.4,TRUE,0
"Willian Arão","Pass","Successful",46.3,40.4,53.6,21.3,TRUE,0
"Willian Arão","Pass","Successful",38.3,45.3,44.4,74.1,TRUE,0
"Willian Arão","Pass","Successful",31.2,62.7,38.5,79.6,TRUE,0
"Willian Arão","Pass","Unsuccessful",45.3,12.9,48.2,12.9,TRUE,0
"Willian Arão","Pass","Unsuccessful",46.2,16.9,54.8,23.6,TRUE,0
"Willian Arão","Pass","Successful",67.6,11.1,73.9,4.7,TRUE,0
"Willian Arão","Pass","Successful",46.8,11.4,37.7,28.7,TRUE,0
"Willian Arão","Pass","Unsuccessful",65.1,24.8,100,27.4,TRUE,1
"Willian Arão","Pass","Successful",67.2,18.3,74.6,18.3,TRUE,0
"Willian Arão","Pass","Successful",62.9,30.5,58.7,65.2,TRUE,0
"Willian Arão","Pass","Successful",54.7,49.7,96.1,5.5,TRUE,1
"Willian Arão","Pass","Successful",19.4,62.4,7.2,56.1,TRUE,0
"Willian Arão","Pass","Successful",72.9,66.6,84.5,63.5,TRUE,1
"Willian Arão","Pass","Successful",66.7,8.2,71.4,12.9,TRUE,0
"Willian Arão","Pass","Successful",63.6,11.3,59.5,38.9,TRUE,0
"Willian Arão","Pass","Successful",64.1,26.1,46.9,45.4,TRUE,0
"Willian Arão","Pass","Successful",60.3,51.1,62,31.2,TRUE,0
"Willian Arão","Pass","Successful",56.5,46.8,48.4,62.7,TRUE,0
"Willian Arão","Pass","Unsuccessful",67.3,67.7,73.3,16,TRUE,0
"Willian Arão","Pass","Successful",74.4,29.1,77.9,26.4,TRUE,0
"Willian Arão","Pass","Successful",32.5,48,34.3,73.8,TRUE,0
"Willian Arão","Pass","Successful",56.7,25.1,57.4,7.3,TRUE,0
"Willian Arão","Pass","Successful",54,51.1,64.3,62,TRUE,0
"Willian Arão","Pass","Successful",64.4,42.8,68.7,49.2,TRUE,0
"Willian Arão","Pass","Successful",76.8,29.4,81.6,17.5,TRUE,0
"Willian Arão","Pass","Unsuccessful",13.2,80.5,29.7,82.2,TRUE,0
"Willian Arão","Pass","Successful",30.3,66.5,36.1,69.8,TRUE,0
"Willian Arão","Pass","Successful",25.4,48,24.8,68.3,TRUE,0
"Willian Arão","Pass","Unsuccessful",27.6,42.2,40.7,36,TRUE,0
"Willian Arão","Pass","Successful",43.9,44.3,56.3,63.3,TRUE,0
"Willian Arão","Pass","Successful",65.6,67.5,53.5,41.6,TRUE,0
"Willian Arão","Pass","Successful",55.8,45,54.1,68.5,TRUE,0
"Willian Arão","Pass","Successful",40.9,40.7,42.1,72.9,TRUE,0
"Willian Arão","Pass","Successful",33.1,7.9,28.8,2.7,TRUE,0
"Willian Arão","Pass","Successful",25.1,48.6,26.5,76.1,TRUE,0
"Willian Arão","Pass","Successful",34.6,55.9,78.9,5.9,TRUE,1
"Willian Arão","Pass","Successful",28.4,51.8,39.7,89.8,TRUE,0
"Willian Arão","Pass","Successful",44.5,59.8,54.4,55.3,TRUE,0
"Willian Arão","Pass","Successful",39.4,50.9,46,52.9,TRUE,0
"Willian Arão","Pass","Successful",39,52.9,38.7,74.6,TRUE,0
"Willian Arão","Pass","Successful",35.2,63.1,33.6,23.2,TRUE,0
"Willian Arão","Pass","Successful",37.3,40.2,44.8,48.6,TRUE,0
"Willian Arão","Pass","Successful",43.7,53.5,89.9,5.9,TRUE,1
"Willian Arão","Pass","Successful",45.2,65.9,47.2,85.2,TRUE,0
"Willian Arão","Pass","Successful",40.2,61.7,80,6.1,TRUE,1
"Willian Arão","Pass","Successful",76.9,17.5,92.7,19,TRUE,1
"Willian Arão","Pass","Successful",68.1,70.9,73.6,70.3,TRUE,0
"Willian Arão","Pass","Successful",63.7,33.7,67.2,51.4,TRUE,0
"Willian Arão","Pass","Successful",46.4,55.5,55.9,33.8,TRUE,0
"Willian Arão","Pass","Unsuccessful",65.6,25.3,66.4,20.3,TRUE,0
"Willian Arão","Pass","Successful",65.8,22.4,68.4,25.9,TRUE,0
"Willian Arão","Pass","Successful",59.4,22.6,45.4,25.4,TRUE,0
"Willian Arão","Pass","Successful",49.5,21.2,32.9,45.1,TRUE,0
"Willian Arão","Pass","Successful",55.2,66.3,61.9,71,TRUE,0
"Willian Arão","Pass","Unsuccessful",35.8,51.5,100,9.9,TRUE,1
"Willian Arão","Pass","Successful",29.4,58.1,31.9,15.4,TRUE,0
"Willian Arão","Pass","Successful",30.9,17.9,40.1,2.9,TRUE,0
"Willian Arão","Pass","Unsuccessful",92.3,36.3,96.3,49.1,TRUE,1
"Willian Arão","Pass","Successful",36.2,37.1,26.4,53,TRUE,0
"Willian Arão","Pass","Successful",69.5,70,68.7,3.1,TRUE,0
"Willian Arão","Pass","Unsuccessful",73.9,34.7,85.2,67.4,TRUE,1
"Willian Arão","Pass","Unsuccessful",50.1,25.3,44.2,48.4,TRUE,0
"Willian Arão","Pass","Successful",72.9,82.1,69.8,96.2,TRUE,0
"Willian Arão","Pass","Successful",60.9,39.5,68,24.6,TRUE,0
"Willian Arão","Pass","Successful",57.1,4.6,44.1,35.7,TRUE,0
"Willian Arão","Pass","Unsuccessful",28.1,28.5,36.4,30,TRUE,0
"Willian Arão","Pass","Successful",54.1,22.7,58.2,5.8,TRUE,0
"Willian Arão","Pass","Unsuccessful",43.2,79.9,47.1,87.2,TRUE,0
"Willian Arão","Pass","Successful",27.6,68.5,29.5,97.4,TRUE,0
"Willian Arão","Pass","Successful",70.2,12,80,3.5,TRUE,0
"Willian Arão","Pass","Successful",57.4,73.9,53.8,97.1,TRUE,0
"Willian Arão","Pass","Successful",37.4,35.1,28.9,80,TRUE,0
"Willian Arão","Pass","Successful",76.8,5.6,81.2,12.5,TRUE,0
"Willian Arão","Pass","Unsuccessful",45.9,21.6,55.9,33.6,TRUE,0
"Willian Arão","Pass","Unsuccessful",32.3,70.3,35.3,68.2,TRUE,0
"Willian Arão","Pass","Successful",56.2,47.3,65.2,56.9,TRUE,0
"Willian Arão","Pass","Unsuccessful",33,72.7,53.5,96,TRUE,0
"Willian Arão","Pass","Successful",39.9,46.6,49.9,70.5,TRUE,0
"Willian Arão","Pass","Unsuccessful",53,42.5,61.9,75.4,TRUE,0
"Willian Arão","Pass","Unsuccessful",53.1,66.9,61.9,60.3,TRUE,0
"Willian Arão","Pass","Successful",21.4,15.9,26.7,14.1,TRUE,0
"Willian Arão","Pass","Unsuccessful",50.6,60.3,52.6,57.6,TRUE,0
"Willian Arão","Pass","Unsuccessful",51.9,45.2,60.8,30.9,TRUE,0
"Willian Arão","Pass","Successful",37,33,27.6,17.2,TRUE,0
"Willian Arão","Pass","Successful",46.5,48.7,36.9,17.6,TRUE,0
"Willian Arão","Pass","Unsuccessful",54.4,30.1,74.1,70.7,TRUE,1
"Willian Arão","Pass","Successful",37,19,22.9,54,TRUE,0
"Willian Arão","Pass","Successful",43.3,30.3,53.6,55.7,TRUE,0
"Willian Arão","Pass","Successful",66.5,49.1,49,44.1,TRUE,0
"Willian Arão","Pass","Successful",53.4,77.1,55.8,93.1,TRUE,0
"Willian Arão","Pass","Successful",53,68.2,80.1,9.5,TRUE,1
"Willian Arão","Pass","Successful",28.6,39.4,23.6,67.3,TRUE,0
"Willian Arão","Pass","Successful",68.9,49.5,76.6,65.3,TRUE,0
"Willian Arão","Pass","Successful",63.7,88.8,71.9,92.9,TRUE,0
"Willian Arão","Pass","Unsuccessful",65,92.5,63.5,91.5,TRUE,0
"Willian Arão","Pass","Successful",60.3,92.3,49.1,92.1,TRUE,0
"Willian Arão","Pass","Successful",31.8,63.1,33.6,76.1,TRUE,0
"Willian Arão","Pass","Unsuccessful",33.3,62.3,70.9,59.8,TRUE,1
"Willian Arão","Pass","Successful",38.6,34,46.4,42.7,TRUE,0
"Willian Arão","Pass","Successful",42,49.5,49.1,49.3,TRUE,0
"Willian Arão","Pass","Unsuccessful",59.2,21.1,68.9,36.4,TRUE,1
"Willian Arão","Pass","Successful",60.4,36.1,64.4,43.1,TRUE,0
"Willian Arão","Pass","Successful",11.7,66.2,22.9,8.2,TRUE,0
"Willian Arão","Pass","Successful",53.8,47.7,92.3,85.7,TRUE,1
"Willian Arão","Pass","Unsuccessful",61.8,34.6,69.5,40.3,TRUE,0
"Willian Arão","Pass","Successful",53.3,53.4,46.1,31.8,TRUE,0
"Willian Arão","Pass","Successful",39.9,50.1,64.9,20.5,TRUE,1
"Willian Arão","Pass","Successful",19.8,58.4,30.3,3.7,TRUE,0
"Willian Arão","Pass","Successful",57.8,30.5,68.9,54,TRUE,1
"Willian Arão","Pass","Successful",54.6,52.1,71.1,65.8,TRUE,1
"Willian Arão","Pass","Successful",59.9,75,65.1,55.4,TRUE,0
"Willian Arão","Pass","Successful",54.6,53.2,46.7,31.4,TRUE,0
"Willian Arão","Pass","Successful",35.8,46,36.1,83.7,TRUE,0
"Willian Arão","Pass","Successful",54.7,60.8,52.6,73.2,TRUE,0
"Willian Arão","Pass","Successful",68.5,39.7,74.3,42.9,TRUE,0
"Willian Arão","Pass","Successful",6.9,24.8,16.4,3.2,TRUE,0
"Willian Arão","Pass","Successful",10.6,10,23.1,10,TRUE,0
"Willian Arão","Pass","Successful",30.2,26.8,32.9,40.5,TRUE,0
"Willian Arão","Pass","Successful",43.9,69.7,32.5,60.6,TRUE,0
"Willian Arão","Pass","Unsuccessful",34.6,53.8,89.9,100,TRUE,1
"Willian Arão","Pass","Successful",34.3,43.1,33.1,20,TRUE,0
"Willian Arão","Pass","Successful",63.6,10,67.2,24.8,TRUE,0
"Willian Arão","Pass","Successful",45.3,68,51.6,60.8,TRUE,0
"Willian Arão","Pass","Successful",30.1,40.9,34.5,70.2,TRUE,0
"Willian Arão","Pass","Unsuccessful",35.1,14.3,43.7,0,TRUE,0
"Willian Arão","Pass","Unsuccessful",32.8,19.2,87.8,32.5,TRUE,1
"Willian Arão","Pass","Successful",55.5,65.8,56,89.6,TRUE,0
"Willian Arão","Pass","Successful",59.2,72.1,69.1,71.9,TRUE,0
"Willian Arão","Pass","Successful",24.8,32.4,22.9,66.4,TRUE,0
"Willian Arão","Pass","Successful",33.4,57.1,42.1,11.7,TRUE,0
"Willian Arão","Pass","Successful",30.3,37,28.8,66.7,TRUE,0
"Willian Arão","Pass","Successful",53.9,22.2,63.9,27.9,TRUE,0
"Willian Arão","Pass","Successful",41.9,23.3,61.9,6.7,TRUE,0
"Willian Arão","Pass","Successful",46.5,15.4,47.2,29.2,TRUE,0
"Willian Arão","Pass","Successful",41.4,21.3,28.4,16.1,TRUE,0
"Willian Arão","Pass","Successful",41,51.4,37.4,88.9,TRUE,0
"Willian Arão","Pass","Successful",65.8,11.5,71.1,21.6,TRUE,0
"Willian Arão","Pass","Unsuccessful",68.5,29.4,76,47.3,TRUE,1
"Willian Arão","Pass","Successful",54.6,40.6,61.7,24.8,TRUE,0
"Willian Arão","Pass","Successful",52.4,26.3,44.8,49.7,TRUE,0
"Willian Arão","Pass","Unsuccessful",35.2,19.6,36.8,15.9,TRUE,0
"Willian Arão","Pass","Successful",32.3,11.9,26.9,10,TRUE,0
"Willian Arão","Pass","Successful",62.3,81.9,44.5,64.7,TRUE,0
"Willian Arão","Pass","Successful",36.8,26.1,14.4,51.8,TRUE,0
"Willian Arão","Pass","Successful",38.2,21.6,41.3,31.4,TRUE,0
"Willian Arão","Pass","Successful",28.7,23.5,14.2,47,TRUE,0
"Willian Arão","Pass","Successful",35.6,48.8,32,76,TRUE,0
"Willian Arão","Pass","Successful",35.2,59.9,38.2,83.7,TRUE,0
"Willian Arão","Pass","Successful",32.3,50.1,46.5,32.2,TRUE,0
"Willian Arão","Pass","Successful",64.5,28.3,63.7,34.8,TRUE,0
"Willian Arão","Pass","Successful",34.6,53.4,39.6,23.3,TRUE,0
"Willian Arão","Pass","Successful",32.4,32.9,30.1,59.5,TRUE,0
"Willian Arão","Pass","Successful",70.4,20.9,74.2,16.3,TRUE,0
"Willian Arão","Pass","Successful",43.2,50.8,46.5,42.7,TRUE,0
"Willian Arão","Pass","Successful",47.2,44,39.8,27.9,TRUE,0
"Willian Arão","Pass","Successful",45.4,56.6,65.8,87.6,TRUE,0
"Willian Arão","Pass","Successful",26.6,41.6,35.4,46.6,TRUE,0
"Willian Arão","Pass","Successful",35,62.8,36,22.8,TRUE,0
"Willian Arão","Pass","Successful",60.4,32.9,46.7,53.4,TRUE,0
"Willian Arão","Pass","Successful",55.7,72.1,47.4,42.3,TRUE,0
"Willian Arão","Pass","Successful",40.2,49.3,35.4,75.5,TRUE,0
"Willian Arão","Pass","Successful",36,42.8,37.1,19.7,TRUE,0
"Willian Arão","Pass","Successful",68.7,27.8,81.4,5.8,TRUE,0
"Willian Arão","Pass","Successful",34.8,76.7,40.3,62.9,TRUE,0
"Willian Arão","Pass","Successful",28.5,41.9,28.2,23.3,TRUE,0
"Willian Arão","Pass","Successful",28,41.9,28.3,79.4,TRUE,0
"Willian Arão","Pass","Successful",41.6,62.4,41.9,36.2,TRUE,0
"Willian Arão","Pass","Successful",52.2,60.3,46.2,35.8,TRUE,0
"Willian Arão","Pass","Successful",22.6,64.2,24.9,27.4,TRUE,0
"Willian Arão","Pass","Unsuccessful",40.9,8.9,52.9,24.4,TRUE,0
"Willian Arão","Pass","Successful",27.1,47.9,28.7,69,TRUE,0
"Willian Arão","Pass","Successful",56,68.9,53.8,84.6,TRUE,0
"Willian Arão","Pass","Successful",34.9,63.9,56.5,72.2,TRUE,1
"Willian Arão","Pass","Successful",52.1,56,64.9,51.6,TRUE,1
"Willian Arão","Pass","Successful",43,72,42,34.1,TRUE,0
"Willian Arão","Pass","Successful",31.9,40.7,36,24.2,TRUE,0
"Willian Arão","Pass","Successful",28.9,14,39,3.1,TRUE,0
"Willian Arão","Pass","Successful",41.6,23,87.1,7.3,TRUE,1
"Willian Arão","Pass","Successful",34.7,90.9,55.6,84.9,TRUE,1
"Willian Arão","Pass","Successful",41.7,74.4,84.5,4.3,TRUE,1
"Willian Arão","Pass","Successful",39.5,26.9,52.2,45.2,TRUE,0
"Willian Arão","Pass","Successful",66.6,61.5,86.7,16.1,TRUE,0
"Willian Arão","Pass","Successful",44.4,64.5,54.3,65.8,TRUE,0
"Willian Arão","Pass","Successful",69.1,76.2,66.8,57.6,TRUE,0
"Willian Arão","Pass","Successful",32.7,70.1,8.1,52.7,TRUE,0
"Willian Arão","Pass","Successful",53.7,73.2,56.2,96.3,TRUE,0
"Willian Arão","Pass","Unsuccessful",66.9,72.5,70,78,TRUE,0
"Willian Arão","Pass","Successful",65.3,61.7,57.7,53,TRUE,0
"Willian Arão","Pass","Successful",52.6,47.8,53.8,75,TRUE,0
"Willian Arão","Pass","Successful",65.6,81.8,60.3,48.7,TRUE,0
"Willian Arão","Pass","Successful",65.4,46.9,71.8,59.4,TRUE,0
"Willian Arão","Pass","Successful",48,21.1,37.2,28.7,TRUE,0
"Willian Arão","Pass","Successful",45.3,28.9,48.7,44.7,TRUE,0
"Willian Arão","Pass","Successful",39.4,22.9,38.5,7.9,TRUE,0
"Willian Arão","Pass","Successful",18.1,75.8,37.7,91.7,TRUE,0
"Willian Arão","Pass","Successful",40,58.2,40.1,81.6,TRUE,0
"Willian Arão","Pass","Successful",63.3,88.4,68.2,78.9,TRUE,0
"Willian Arão","Pass","Successful",62.1,57.9,68.6,57,TRUE,0
"Willian Arão","Pass","Successful",18.9,47,28.2,49,TRUE,0
"Willian Arão","Pass","Successful",47.6,80.9,43.9,52.1,TRUE,0
"Willian Arão","Pass","Successful",57.4,80.4,58.5,94.8,TRUE,0
"Willian Arão","Pass","Successful",66.9,96.2,58.4,97.7,TRUE,0
"Willian Arão","Pass","Successful",56.5,72.8,52.6,90.8,TRUE,0
"Willian Arão","Pass","Successful",67.8,46.9,71.9,75.5,TRUE,0
"Willian Arão","Pass","Successful",28.1,20.6,28.3,13.7,TRUE,0
"Willian Arão","Pass","Successful",62.2,86.9,70.7,86,TRUE,0
"Willian Arão","Pass","Successful",42.7,49.1,42.7,34.2,TRUE,0
"Willian Arão","Pass","Unsuccessful",22.6,68.2,38,75.3,TRUE,0
"Willian Arão","Pass","Unsuccessful",37.1,19.1,54.6,7.3,TRUE,0
"Willian Arão","Pass","Successful",42.2,50.3,46.1,76.9,TRUE,0
"Willian Arão","Pass","Successful",51.9,61.1,68.3,38.8,TRUE,1
"Willian Arão","Pass","Unsuccessful",35,83.7,51.1,90.5,TRUE,0
"Willian Arão","Pass","Unsuccessful",37.4,76.1,53.8,68.7,TRUE,1
"Willian Arão","Pass","Successful",67.1,46,53.3,57.9,TRUE,0
"Willian Arão","Pass","Successful",35.9,50.7,41.5,74.5,TRUE,0
"Willian Arão","Pass","Unsuccessful",87.4,45.4,92.4,38,TRUE,0
"Willian Arão","Pass","Successful",22.2,49,25.2,24.9,TRUE,0
"Willian Arão","Pass","Successful",53.2,40.3,46.1,30.9,TRUE,0
"Willian Arão","Pass","Successful",53.1,69,43,72.3,TRUE,0
"Willian Arão","Pass","Successful",54.3,77.6,67.8,98.6,TRUE,0
"Willian Arão","Pass","Successful",46.8,92.6,45.5,56.7,TRUE,0
"Willian Arão","Pass","Successful",58.2,77,72.8,98.3,TRUE,0
"Willian Arão","Pass","Successful",30.9,52.5,35,75,TRUE,0
"Willian Arão","Pass","Successful",38.2,45.5,44.3,21.2,TRUE,0
"Willian Arão","Pass","Successful",57.5,27.9,53,13.7,TRUE,0
"Willian Arão","Pass","Successful",47.7,40,81.3,5.5,TRUE,1
"Willian Arão","Pass","Successful",44.6,64.6,51.1,43.9,TRUE,0
"Willian Arão","Pass","Successful",58.8,22.1,66.3,31,TRUE,0
"Willian Arão","Pass","Unsuccessful",45.8,79.6,46.4,78.2,TRUE,0
"Willian Arão","Pass","Successful",13.3,57.5,32.5,40,TRUE,0
"Willian Arão","Pass","Unsuccessful",39.4,88.9,81.7,98.6,TRUE,1
"Willian Arão","Pass","Successful",70.2,39.7,78.5,58.1,TRUE,1
"Willian Arão","Pass","Unsuccessful",20.4,98.1,57.8,90.8,TRUE,1
"Willian Arão","Pass","Unsuccessful",38.5,85.3,42.8,100,TRUE,0
"Willian Arão","Pass","Successful",28.1,52.4,51.3,3.8,TRUE,0
"Willian Arão","Pass","Successful",63.4,4,60,1.3,TRUE,0
"Willian Arão","Pass","Successful",39.2,35.8,65.6,1,TRUE,1
"Willian Arão","Pass","Successful",61.2,33.6,34.7,27.7,TRUE,0
"Willian Arão","Pass","Successful",54.2,29.4,62.2,19.2,TRUE,0
"Willian Arão","Pass","Unsuccessful",54.1,24.4,58.9,18.8,TRUE,0
"Willian Arão","Pass","Successful",43.2,54,34.8,73,TRUE,0
"Willian Arão","Pass","Successful",71.6,22.4,69.9,40.1,TRUE,0
"Willian Arão","Pass","Unsuccessful",68.8,39.8,78.2,1.1,TRUE,0
"Willian Arão","Pass","Successful",42,28,38.9,65.7,TRUE,0
"Willian Arão","Pass","Successful",45.7,28.5,57.1,22.4,TRUE,0
"Willian Arão","Pass","Successful",32.1,4.9,19.1,36.7,TRUE,0
"Willian Arão","Pass","Successful",33,8.2,20.9,44.3,TRUE,0
"Willian Arão","Pass","Successful",58.1,62.4,73.4,52.4,TRUE,1
"Willian Arão","Pass","Successful",38.1,91.4,54.2,88.4,TRUE,0
"Willian Arão","Pass","Successful",49.1,49.3,43.6,33.2,TRUE,0
"Willian Arão","Pass","Successful",35.9,43.4,39.3,94.2,TRUE,0
